Unnamed: 0,SubjNum,Movie,Sec
0,12,KJep2,24.622954162000042
1,12,KJep2,35.43904980000002
2,12,KJep2,89.49954177500003
3,12,KJep2,94.89867342800005
4,12,KJep2,118.57997402800005
5,12,KJep2,128.96255670000005
6,12,KJep2,149.2425336370001
7,12,KJep2,198.55421575900002
8,12,KJep2,235.558130244
9,12,KJep2,246.041267038
10,12,KJep2,254.0560351510001
11,12,KJep2,266.53870351500007
12,12,KJep2,293.96827005699987
13,12,KJep2,314.649602533
14,12,KJep2,353.07782662599993
15,12,KJep2,404.7888980530002
16,12,KJep2,417.704132697
17,12,KJep2,467.07269014100007
18,12,KJep2,493.252159161
19,12,KJep2,578.3776051509999
20,12,KJep2,597.891001465
21,12,KJep2,612.9892607090001
22,12,KJep2,677.1150144430001
23,12,KJep2,685.2477493460001
24,12,KJep2,697.2966482989999
25,12,KJep2,726.740337467
26,12,KJep2,761.3032269360001
27,12,KJep2,813.2803894689999
28,12,KJep2,843.4112223900001
29,12,KJep2,872.9575734540001
30,12,KJep2,887.8722730030001
31,12,KJep2,897.6046952470001
32,12,KJep2,908.3530998140002
33,12,KJep2,967.016112621
34,12,KJep2,1022.143404561
35,12,KJep2,1046.390200509
36,12,KJep2,1083.5859246730001
37,12,KJep2,1106.7999768260001
38,12,KJep2,1141.3963554640002
39,12,KJep2,1145.012436881
40,12,KJep2,1156.7116958200004
41,12,KJep2,1195.3734181519999
42,12,KJep2,1218.454232422
43,12,KJep2,1245.617927301
44,12,KJep2,1277.565114609
0,13,KJep2,7.988416424000093
1,13,KJep2,25.31922332700003
2,13,KJep2,27.452108626000037
3,13,KJep2,66.38076757500005
4,13,KJep2,124.04201100000002
5,13,KJep2,147.7394277100001
6,13,KJep2,192.59990510800003
7,13,KJep2,287.0049075130001
8,13,KJep2,297.552940261
9,13,KJep2,314.068671395
10,13,KJep2,336.58208887500007
11,13,KJep2,368.12940122099997
12,13,KJep2,411.773653786
13,13,KJep2,472.98377486700014
14,13,KJep2,496.28148862300003
15,13,KJep2,526.7283903690001
16,13,KJep2,549.8753337169999
17,13,KJep2,572.172411516
18,13,KJep2,586.2878001459999
19,13,KJep2,597.6527487769999
20,13,KJep2,611.85196514
21,13,KJep2,669.9615347859999
22,13,KJep2,675.543908098
23,13,KJep2,686.4104295539997
24,13,KJep2,730.5717833739999
25,13,KJep2,746.7204391089999
26,13,KJep2,767.3508913310001
27,13,KJep2,811.8566774389999
28,13,KJep2,821.9889061289999
29,13,KJep2,846.2028859689999
30,13,KJep2,861.2509330979999
31,13,KJep2,875.1165220060001
32,13,KJep2,886.1649496949998
33,13,KJep2,917.1450159839999
34,13,KJep2,934.5763239610001
35,13,KJep2,965.456589138
36,13,KJep2,980.45493709
37,13,KJep2,986.637161787
38,13,KJep2,1008.868268535
39,13,KJep2,1019.683082923
40,13,KJep2,1030.114966465
41,13,KJep2,1084.488846089
42,13,KJep2,1105.636999454
43,13,KJep2,1146.332536238
44,13,KJep2,1165.4300854639998
45,13,KJep2,1187.96060165
46,13,KJep2,1201.542165892
47,13,KJep2,1215.4910168610002
48,13,KJep2,1227.1569008669999
49,13,KJep2,1245.020944911
50,13,KJep2,1276.5174221
0,15,KJep2,17.383307411000033
1,15,KJep2,40.74744996000004
2,15,KJep2,67.91127932200004
3,15,KJep2,100.62449557500008
4,15,KJep2,116.239103204
5,15,KJep2,146.16938663500005
6,15,KJep2,193.097501319
7,15,KJep2,242.0918969280001
8,15,KJep2,263.039149876
9,15,KJep2,282.9873183910001
10,15,KJep2,294.002046792
11,15,KJep2,311.606637246
12,15,KJep2,332.5539061350001
13,15,KJep2,367.4672331930001
14,15,KJep2,403.74612763199997
15,15,KJep2,467.8226325390001
16,15,KJep2,497.60193352100015
17,15,KJep2,527.8160113900002
18,15,KJep2,573.854719141
19,15,KJep2,598.202054009
20,15,KJep2,612.3173379750001
21,15,KJep2,672.727009149
22,15,KJep2,683.7929213750001
23,15,KJep2,701.107642541
24,15,KJep2,713.72315609
25,15,KJep2,727.6378193800001
26,15,KJep2,746.9016709480001
27,15,KJep2,812.7423672169999
28,15,KJep2,843.522757273
29,15,KJep2,872.2683275030001
30,15,KJep2,887.7839509960002
31,15,KJep2,906.115451015
32,15,KJep2,965.692169626
33,15,KJep2,985.956311825
34,15,KJep2,1015.219886758
35,15,KJep2,1027.1510616
36,15,KJep2,1045.390573309
37,15,KJep2,1081.886910268
38,15,KJep2,1107.35007185
39,15,KJep2,1147.079122638
40,15,KJep2,1156.62735171
41,15,KJep2,1220.304718008
42,15,KJep2,1245.101466247
0,17,KJep2,2.005547525999986
1,17,KJep2,11.98854101400002
2,17,KJep2,26.686593955000035
3,17,KJep2,36.73508487000004
4,17,KJep2,43.56725901599997
5,17,KJep2,66.74900048300003
6,17,KJep2,89.77926652999996
7,17,KJep2,91.54543508200004
8,17,KJep2,128.89099214300006
9,17,KJep2,148.0895054360001
10,17,KJep2,167.53779587500003
11,17,KJep2,191.950859802
12,17,KJep2,204.1322905530001
13,17,KJep2,231.9795252870001
14,17,KJep2,234.41218228099999
15,17,KJep2,238.11280744200008
16,17,KJep2,247.21159738300003
17,17,KJep2,256.694100896
18,17,KJep2,285.140463468
19,17,KJep2,287.58705626799997
20,17,KJep2,298.03644985100004
21,17,KJep2,301.968289057
22,17,KJep2,311.033989537
23,17,KJep2,315.43455800900006
24,17,KJep2,334.26572187600004
25,17,KJep2,337.164410029
26,17,KJep2,342.68112370199987
27,17,KJep2,355.96296661199995
28,17,KJep2,361.94537711099997
29,17,KJep2,368.994845509
30,17,KJep2,374.07698887700013
31,17,KJep2,377.543336085
32,17,KJep2,387.24275874899985
33,17,KJep2,410.95645298599993
34,17,KJep2,422.8724754059999
35,17,KJep2,439.3708464439999
36,17,KJep2,451.00341148900003
37,17,KJep2,452.23547786499984
38,17,KJep2,472.233640486
39,17,KJep2,475.632718115
40,17,KJep2,483.31476457699995
41,17,KJep2,495.34823781699987
42,17,KJep2,498.76387041199996
43,17,KJep2,519.661031483
44,17,KJep2,526.7937437530001
45,17,KJep2,549.056388792
46,17,KJep2,567.1547751219997
47,17,KJep2,574.4538915389999
48,17,KJep2,576.4540096399999
49,17,KJep2,600.1510912709997
50,17,KJep2,611.5503848199999
51,17,KJep2,614.3160974379997
52,17,KJep2,642.5465761199998
53,17,KJep2,659.6944349139999
54,17,KJep2,670.6095423499999
55,17,KJep2,675.6091408989998
56,17,KJep2,681.2754127009997
57,17,KJep2,689.3583035249999
58,17,KJep2,704.006536989
59,17,KJep2,711.8386236539999
60,17,KJep2,730.8862464760001
61,17,KJep2,742.2681124310001
62,17,KJep2,812.1892836310001
63,17,KJep2,814.8050798870001
64,17,KJep2,819.8384706710001
65,17,KJep2,842.6692065930001
66,17,KJep2,845.6851394390001
67,17,KJep2,847.0181927020001
68,17,KJep2,848.218302533
69,17,KJep2,849.2847365279998
70,17,KJep2,850.6340683139999
71,17,KJep2,856.2672310570001
72,17,KJep2,859.4830453280002
73,17,KJep2,864.899449815
74,17,KJep2,870.11576711
75,17,KJep2,871.2156191670001
76,17,KJep2,874.5653167840001
77,17,KJep2,883.447861617
78,17,KJep2,886.430610807
79,17,KJep2,888.5644159149998
80,17,KJep2,896.8294048350001
81,17,KJep2,902.211790628
82,17,KJep2,928.243224612
83,17,KJep2,934.9411962539999
84,17,KJep2,955.973040498
85,17,KJep2,971.388193905
86,17,KJep2,993.885353117
87,17,KJep2,1002.434145982
88,17,KJep2,1007.88421702
89,17,KJep2,1010.3665293419999
90,17,KJep2,1012.982614913
91,17,KJep2,1014.333536734
92,17,KJep2,1017.3657945
93,17,KJep2,1024.947896037
94,17,KJep2,1028.698055845
95,17,KJep2,1030.6477112989999
96,17,KJep2,1035.430589904
97,17,KJep2,1040.646612105
98,17,KJep2,1051.579038386
99,17,KJep2,1053.6784342580002
100,17,KJep2,1060.774751549
101,17,KJep2,1067.490402778
102,17,KJep2,1074.9897345210002
103,17,KJep2,1079.672485318
104,17,KJep2,1087.8389687000001
105,17,KJep2,1099.353366955
106,17,KJep2,1116.6847870079998
107,17,KJep2,1124.5506775019999
108,17,KJep2,1127.983872169
109,17,KJep2,1130.600090624
110,17,KJep2,1133.949779657
111,17,KJep2,1140.2486462480001
112,17,KJep2,1142.4490498510002
113,17,KJep2,1146.998944028
114,17,KJep2,1151.53151971
115,17,KJep2,1159.4301088229995
116,17,KJep2,1174.9948051689998
117,17,KJep2,1180.877939704
118,17,KJep2,1183.227056438
119,17,KJep2,1184.777227099
120,17,KJep2,1186.577321388
121,17,KJep2,1189.45981649
122,17,KJep2,1191.376891185
123,17,KJep2,1194.6432398489999
124,17,KJep2,1197.7256436629998
125,17,KJep2,1202.9923922780001
126,17,KJep2,1210.158120717
127,17,KJep2,1212.72447034
128,17,KJep2,1216.1234914119998
129,17,KJep2,1228.988752428
130,17,KJep2,1230.7220011539998
131,17,KJep2,1232.755532822
132,17,KJep2,1239.7551200839998
133,17,KJep2,1246.8705948989998
134,17,KJep2,1257.7692015659998
135,17,KJep2,1269.8678618239999
136,17,KJep2,1276.7674434389999
0,16,KJep2,66.74673876899999
1,16,KJep2,132.32272326400005
2,16,KJep2,193.965555495
3,16,KJep2,319.52831822199994
4,16,KJep2,372.5056975210001
5,16,KJep2,439.58148513199995
6,16,KJep2,481.53898378800005
7,16,KJep2,543.415336864
8,16,KJep2,611.958308468
9,16,KJep2,681.4331370059999
10,16,KJep2,815.9619525129999
11,16,KJep2,872.172882908
12,16,KJep2,901.3862763660001
13,16,KJep2,919.4504735060001
14,16,KJep2,992.216049612
15,16,KJep2,1108.470207375
16,16,KJep2,1166.180482858
17,16,KJep2,1198.393698182
18,16,KJep2,1211.9759735710002
19,16,KJep2,1246.088679143
0,14,KJep2,124.07422635800005
1,14,KJep2,149.538252726
2,14,KJep2,294.02769691599997
3,14,KJep2,370.98568784800005
4,14,KJep2,412.932119434
5,14,KJep2,496.5722765960002
6,14,KJep2,596.160970873
7,14,KJep2,611.059039298
8,14,KJep2,674.2516435290001
9,14,KJep2,693.633233452
10,14,KJep2,812.0686849409999
11,14,KJep2,886.4934055819998
12,14,KJep2,906.8405390089999
13,14,KJep2,966.417984029
14,14,KJep2,987.965007161
15,14,KJep2,1018.884730397
16,14,KJep2,1107.208198856
17,14,KJep2,1159.019311289
18,14,KJep2,1243.9599613760001
0,18,KJep2,12.055902788999958
1,18,KJep2,66.63312755699997
2,18,KJep2,99.48058811700001
3,18,KJep2,147.47425051799996
4,18,KJep2,191.969072729
5,18,KJep2,239.15457982700002
6,18,KJep2,287.8326562
7,18,KJep2,298.398281202
8,18,KJep2,337.310159763
9,18,KJep2,368.572441622
10,18,KJep2,413.217571875
11,18,KJep2,473.77740447299993
12,18,KJep2,487.693265214
13,18,KJep2,496.475888553
14,18,KJep2,528.7897214380001
15,18,KJep2,566.78469945
16,18,KJep2,609.613775615
17,18,KJep2,611.6295596620001
18,18,KJep2,669.6408708160002
19,18,KJep2,679.837903813
20,18,KJep2,726.5833092040001
21,18,KJep2,812.33726738
22,18,KJep2,862.7809675310001
23,18,KJep2,870.49683615
24,18,KJep2,874.996278071
25,18,KJep2,887.178092185
26,18,KJep2,912.791956584
27,18,KJep2,954.054190802
28,18,KJep2,966.5864005039999
29,18,KJep2,1018.406800885
30,18,KJep2,1108.811997419
31,18,KJep2,1146.558636927
32,18,KJep2,1174.121871354
33,18,KJep2,1200.902046795
34,18,KJep2,1215.80057594
35,18,KJep2,1237.131616118
36,18,KJep2,1246.163930538
37,18,KJep2,1262.2459302989998
0,19,KJep2,47.47523862600008
1,19,KJep2,67.59362769300003
2,19,KJep2,102.12371075300007
3,19,KJep2,118.50438586100006
4,19,KJep2,149.9476627260001
5,19,KJep2,194.98743782500003
6,19,KJep2,317.9887573399999
7,19,KJep2,372.20249810399986
8,19,KJep2,418.84280984199995
9,19,KJep2,479.17813447599997
10,19,KJep2,499.7633434909999
11,19,KJep2,529.4057180969999
12,19,KJep2,599.9979032860001
13,19,KJep2,614.310532811
14,19,KJep2,667.823482925
15,19,KJep2,674.3792337780001
16,19,KJep2,689.2087722650001
17,19,KJep2,724.3226851070001
18,19,KJep2,838.7364378839999
19,19,KJep2,862.1234764400001
20,19,KJep2,887.5121800539999
21,19,KJep2,967.24806342
22,19,KJep2,1022.095770477
23,19,KJep2,1106.885124788
24,19,KJep2,1125.6013496619998
25,19,KJep2,1163.951388813
26,19,KJep2,1251.727886101
27,19,KJep2,1272.261610995
0,20,KJep2,11.464475557000014
1,20,KJep2,71.43296430500004
2,20,KJep2,263.50518399099997
3,20,KJep2,298.76915878899985
4,20,KJep2,380.656871875
5,20,KJep2,437.03925544999987
6,20,KJep2,499.7241923669999
7,20,KJep2,611.121143669
8,20,KJep2,614.374132224
9,20,KJep2,674.0421770769999
10,20,KJep2,815.5210232019998
11,20,KJep2,872.3702513399999
12,20,KJep2,890.5189775580001
13,20,KJep2,1032.193281345
14,20,KJep2,1110.3118856420003
15,20,KJep2,1204.510456704
16,20,KJep2,1211.16566553
0,21,KJep2,6.901789318999932
1,21,KJep2,41.08134544099994
2,21,KJep2,42.18169549300001
3,21,KJep2,44.514061254000005
4,21,KJep2,67.57817268199994
5,21,KJep2,124.38843877099998
6,21,KJep2,165.2665907280001
7,21,KJep2,191.89736146200005
8,21,KJep2,235.776298791
9,21,KJep2,236.64287590299992
10,21,KJep2,331.19212691000007
11,21,KJep2,333.809576162
12,21,KJep2,344.04154532300004
13,21,KJep2,346.0742558070001
14,21,KJep2,376.58759546500005
15,21,KJep2,402.53451852700005
16,21,KJep2,445.6462392170001
17,21,KJep2,473.009826445
18,21,KJep2,496.2738273720002
19,21,KJep2,556.7512586419999
20,21,KJep2,809.8078319089999
21,21,KJep2,812.3583201380002
22,21,KJep2,829.7401143339999
23,21,KJep2,830.323263477
24,21,KJep2,880.7004695019999
25,21,KJep2,884.7330101560001
26,21,KJep2,898.3312172889999
27,21,KJep2,900.6817141400003
28,21,KJep2,903.9476149310001
29,21,KJep2,969.1401268460002
30,21,KJep2,984.888484222
31,21,KJep2,1108.596225822
32,21,KJep2,1153.674822845
0,24,KJep2,101.31182363400013
1,24,KJep2,125.32557822100011
2,24,KJep2,151.8230359050001
3,24,KJep2,236.33806280099998
4,24,KJep2,299.6813399950001
5,24,KJep2,418.06731966100006
6,24,KJep2,498.18678609499983
7,24,KJep2,607.124050978
8,24,KJep2,612.973666572
9,24,KJep2,704.8133085410001
10,24,KJep2,814.3143694130002
11,24,KJep2,890.1217878250003
12,24,KJep2,919.4351377320003
13,24,KJep2,972.6171583930001
14,24,KJep2,994.4970027309997
15,24,KJep2,1108.6682657509998
16,24,KJep2,1246.019766494
0,22,KJep2,124.36478277699983
1,22,KJep2,293.96133703100014
2,22,KJep2,311.97624284900013
3,22,KJep2,370.26969068099993
4,22,KJep2,414.16494722800013
5,22,KJep2,477.307973335
6,22,KJep2,495.7733702960002
7,22,KJep2,573.9812104950001
8,22,KJep2,597.295532291
9,22,KJep2,610.826587625
10,22,KJep2,674.2861862280001
11,22,KJep2,694.9504981819999
12,22,KJep2,759.4383264969998
13,22,KJep2,812.2327134029999
14,22,KJep2,886.4751861869998
15,22,KJep2,907.6229249750003
16,22,KJep2,965.79962315
17,22,KJep2,986.0307411379996
18,22,KJep2,1021.6020454580001
19,22,KJep2,1105.025754111
20,22,KJep2,1170.8521953100005
21,22,KJep2,1246.0112322200002
0,23,KJep2,3.998230344000035
1,23,KJep2,66.72580294500004
2,23,KJep2,118.26930277200006
3,23,KJep2,191.878002201
4,23,KJep2,203.91008823899998
5,23,KJep2,241.022510856
6,23,KJep2,259.3034657030001
7,23,KJep2,316.74161886400003
8,23,KJep2,375.01889985999986
9,23,KJep2,382.61826962100014
10,23,KJep2,382.651540908
11,23,KJep2,439.744610811
12,23,KJep2,491.54005678
13,23,KJep2,498.188544889
14,23,KJep2,525.8685340879999
15,23,KJep2,591.735343823
16,23,KJep2,601.7168677919999
17,23,KJep2,615.032502971
18,23,KJep2,673.143162331
19,23,KJep2,688.2746071160001
20,23,KJep2,733.4197407019998
21,23,KJep2,810.760366537
22,23,KJep2,816.8927204539999
23,23,KJep2,866.0042075490001
24,23,KJep2,874.1858385260001
25,23,KJep2,918.1146992190003
26,23,KJep2,955.160618895
27,23,KJep2,972.7581198610001
28,23,KJep2,1025.819790217
29,23,KJep2,1085.969425232
30,23,KJep2,1122.0141581460002
31,23,KJep2,1151.961562612
32,23,KJep2,1164.2936912210002
33,23,KJep2,1187.707162013
34,23,KJep2,1199.140284558
35,23,KJep2,1203.7726526790002
36,23,KJep2,1210.50571321
37,23,KJep2,1220.6703825610002
38,23,KJep2,1262.6660721960002
39,23,KJep2,1277.014224776
0,27,KJep2,24.68507793799995
1,27,KJep2,52.883702140999965
2,27,KJep2,65.31417868099993
3,27,KJep2,106.07616327699999
4,27,KJep2,130.756792322
5,27,KJep2,144.555785098
6,27,KJep2,147.938340681
7,27,KJep2,190.88259256899997
8,27,KJep2,234.38406951699997
9,27,KJep2,254.515463028
10,27,KJep2,283.0455154099999
11,27,KJep2,296.110656503
12,27,KJep2,302.70998496099986
13,27,KJep2,314.82553632599985
14,27,KJep2,337.80634223099986
15,27,KJep2,363.436407917
16,27,KJep2,369.586065631
17,27,KJep2,383.217173984
18,27,KJep2,417.446852192
19,27,KJep2,441.6615589039999
20,27,KJep2,463.9256814869999
21,27,KJep2,482.423523071
22,27,KJep2,488.3558157240002
23,27,KJep2,497.1206895110002
24,27,KJep2,518.0691471810002
25,27,KJep2,526.668220648
26,27,KJep2,565.046457638
27,27,KJep2,578.795009228
28,27,KJep2,597.5933538020001
29,27,KJep2,612.0920536010001
30,27,KJep2,669.9688205110001
31,27,KJep2,681.0167292990002
32,27,KJep2,700.3653277860001
33,27,KJep2,731.6943782850002
34,27,KJep2,752.0684928990001
35,27,KJep2,784.6307287460002
36,27,KJep2,801.0785049760001
37,27,KJep2,813.578938491
38,27,KJep2,840.0915423010001
39,27,KJep2,861.5896846580002
40,27,KJep2,875.2377281490001
41,27,KJep2,887.7367986300002
42,27,KJep2,909.966684231
43,27,KJep2,911.9005230260002
44,27,KJep2,924.915400949
45,27,KJep2,941.5966152939999
46,27,KJep2,955.111913227
47,27,KJep2,967.1607084040003
48,27,KJep2,993.1914686050003
49,27,KJep2,1019.136169963
50,27,KJep2,1048.165798511
51,27,KJep2,1109.1429147860001
52,27,KJep2,1140.422949342
53,27,KJep2,1151.1710864
54,27,KJep2,1155.704053833
55,27,KJep2,1166.269861768
56,27,KJep2,1177.885572167
57,27,KJep2,1186.166884025
58,27,KJep2,1198.998958391
59,27,KJep2,1200.148750042
60,27,KJep2,1201.398936072
61,27,KJep2,1205.164610765
62,27,KJep2,1224.4123426
63,27,KJep2,1241.194790095
64,27,KJep2,1247.0939932160002
65,27,KJep2,1255.9098064539999
66,27,KJep2,1267.008318705
67,27,KJep2,1270.474778151
68,27,KJep2,1277.857104621
0,28,KJep2,33.37955923499999
1,28,KJep2,66.97574331699997
2,28,KJep2,86.15660270400002
3,28,KJep2,101.37170516300007
4,28,KJep2,124.91969573600004
5,28,KJep2,125.136357822
6,28,KJep2,149.39989700799998
7,28,KJep2,192.178137757
8,28,KJep2,294.433957961
9,28,KJep2,318.7061694100001
10,28,KJep2,381.166021703
11,28,KJep2,422.81125887200005
12,28,KJep2,499.76928013800006
13,28,KJep2,537.1486471390001
14,28,KJep2,599.2377278580003
15,28,KJep2,614.0861538620003
16,28,KJep2,686.7946221950001
17,28,KJep2,701.4763751510002
18,28,KJep2,737.038989248
19,28,KJep2,816.1918080620002
20,28,KJep2,864.0369929190001
21,28,KJep2,871.0855725560001
22,28,KJep2,888.2170823060001
23,28,KJep2,917.1473013410001
24,28,KJep2,967.2418713460003
25,28,KJep2,1019.1860967910001
26,28,KJep2,1118.382343093
27,28,KJep2,1145.012558991
28,28,KJep2,1222.254781326
29,28,KJep2,1267.4832577739999
0,29,KJep2,7.048377334000065
1,29,KJep2,41.44523067700004
2,29,KJep2,116.27671551200001
3,29,KJep2,124.08357463200001
4,29,KJep2,149.08868043400003
5,29,KJep2,204.38690219900002
6,29,KJep2,259.35197268799993
7,29,KJep2,263.621733988
8,29,KJep2,294.16573137899985
9,29,KJep2,369.64769403300005
10,29,KJep2,413.11885636799985
11,29,KJep2,476.8584719
12,29,KJep2,507.15128790600016
13,29,KJep2,528.069861809
14,29,KJep2,610.20761219
15,29,KJep2,612.359622167
16,29,KJep2,672.794619688
17,29,KJep2,693.696624338
18,29,KJep2,717.0354297430002
19,29,KJep2,757.8205770740001
20,29,KJep2,813.1857937330002
21,29,KJep2,887.6176831480002
22,29,KJep2,908.852769188
23,29,KJep2,943.9496552769999
24,29,KJep2,970.4405749660001
25,29,KJep2,987.205761627
26,29,KJep2,1017.715969548
27,29,KJep2,1018.232798947
28,29,KJep2,1104.1402107019999
29,29,KJep2,1144.7762256570002
30,29,KJep2,1156.568831535
31,29,KJep2,1203.6605236760001
32,29,KJep2,1244.945936561
0,31,KJep2,6.4483356529999565
1,31,KJep2,27.115336804999966
2,31,KJep2,41.044942575999926
3,31,KJep2,66.59952633199998
4,31,KJep2,83.89865017299995
5,31,KJep2,98.11110519499994
6,31,KJep2,132.69110686700006
7,31,KJep2,150.856538033
8,31,KJep2,193.22682737699998
9,31,KJep2,234.12967982900003
10,31,KJep2,294.7322835180001
11,31,KJep2,368.663301139
12,31,KJep2,388.68059391099996
13,31,KJep2,396.7377350029999
14,31,KJep2,416.254171115
15,31,KJep2,445.56332563799987
16,31,KJep2,495.98829157999984
17,31,KJep2,526.948255802
18,31,KJep2,663.3007355069999
19,31,KJep2,675.4777631679999
20,31,KJep2,691.658583508
21,31,KJep2,730.5256549219998
22,31,KJep2,778.242726017
23,31,KJep2,812.7724952370003
24,31,KJep2,865.468109366
25,31,KJep2,876.477714187
26,31,KJep2,887.6208151580001
27,31,KJep2,971.560250142
28,31,KJep2,987.457709022
29,31,KJep2,1026.634213669
30,31,KJep2,1103.4003999630002
31,31,KJep2,1110.039613426
32,31,KJep2,1158.115129211
33,31,KJep2,1217.1994815110002
34,31,KJep2,1249.3944538760002
0,30,KJep2,124.6930020100001
1,30,KJep2,294.05318170300006
2,30,KJep2,412.52258464300013
3,30,KJep2,496.446816441
4,30,KJep2,597.1004113410003
5,30,KJep2,675.242048589
6,30,KJep2,812.0738426930001
7,30,KJep2,885.7997655209999
8,30,KJep2,989.587208023
9,30,KJep2,1108.468707637
10,30,KJep2,1245.5869448269998
0,32,KJep2,36.52914799100006
1,32,KJep2,63.94215293800005
2,32,KJep2,87.47179182700006
3,32,KJep2,97.289020863
4,32,KJep2,172.74684451300004
5,32,KJep2,235.72239074400002
6,32,KJep2,252.137390704
7,32,KJep2,315.805764864
8,32,KJep2,370.78350609000006
9,32,KJep2,497.95270604
10,32,KJep2,529.532142082
11,32,KJep2,548.3802921480001
12,32,KJep2,592.318673253
13,32,KJep2,610.6159467320001
14,32,KJep2,614.8994411540002
15,32,KJep2,650.9451339270001
16,32,KJep2,666.9764328450002
17,32,KJep2,670.7260104510001
18,32,KJep2,682.6586361720001
19,32,KJep2,729.4537025320001
20,32,KJep2,830.988746992
21,32,KJep2,864.7018213089999
22,32,KJep2,887.0658779339999
23,32,KJep2,950.2251906380001
24,32,KJep2,1009.202320287
25,32,KJep2,1073.121443585
26,32,KJep2,1164.194020178
27,32,KJep2,1185.925772802
28,32,KJep2,1199.0906772990002
29,32,KJep2,1203.607313161
30,32,KJep2,1214.888805197
31,32,KJep2,1220.671030492
32,32,KJep2,1246.552085471
0,26,KJep2,3.3925727910000205
1,26,KJep2,39.55561178800008
2,26,KJep2,66.703603929
3,26,KJep2,90.98283480500004
4,26,KJep2,100.83214028500004
5,26,KJep2,147.94354700500003
6,26,KJep2,177.707124364
7,26,KJep2,192.221998988
8,26,KJep2,235.8752436230001
9,26,KJep2,261.5220859460001
10,26,KJep2,331.430931882
11,26,KJep2,337.93007327499987
12,26,KJep2,361.910611207
13,26,KJep2,371.5930538630002
14,26,KJep2,416.42136210799987
15,26,KJep2,466.7570658920001
16,26,KJep2,497.43632229800005
17,26,KJep2,528.666437201
18,26,KJep2,589.0767632210002
19,26,KJep2,600.726158379
20,26,KJep2,614.3402692050001
21,26,KJep2,666.9518640360002
22,26,KJep2,678.8499861270003
23,26,KJep2,702.8139177910002
24,26,KJep2,762.5686945960001
25,26,KJep2,813.7965647410001
26,26,KJep2,865.791260624
27,26,KJep2,889.205011714
28,26,KJep2,919.1513238780001
29,26,KJep2,966.688381599
30,26,KJep2,994.984991493
31,26,KJep2,1013.6653697410001
32,26,KJep2,1020.198565682
33,26,KJep2,1067.9764178740002
34,26,KJep2,1100.7895875289998
35,26,KJep2,1108.054694093
36,26,KJep2,1170.998516818
37,26,KJep2,1198.811486354
38,26,KJep2,1216.35986214
39,26,KJep2,1235.090341408
40,26,KJep2,1245.923276729
41,26,KJep2,1279.352928699
0,34,KJep2,74.22354707299995
1,34,KJep2,90.90490114
2,34,KJep2,100.59637107799995
3,34,KJep2,124.7343575189999
4,34,KJep2,146.553051557
5,34,KJep2,191.94253144599998
6,34,KJep2,298.53333929099995
7,34,KJep2,315.497928089
8,34,KJep2,369.761713378
9,34,KJep2,415.801956412
10,34,KJep2,477.3497233170001
11,34,KJep2,497.367815133
12,34,KJep2,530.8303587560001
13,34,KJep2,597.9218869620001
14,34,KJep2,613.2866938050001
15,34,KJep2,673.9544360030003
16,34,KJep2,704.5314450860001
17,34,KJep2,729.06476473
18,34,KJep2,758.7238677320001
19,34,KJep2,813.8551093460001
20,34,KJep2,866.3166531680001
21,34,KJep2,875.4919948969999
22,34,KJep2,888.403266731
23,34,KJep2,907.9026386789999
24,34,KJep2,966.435949145
25,34,KJep2,987.1209772860002
26,34,KJep2,1031.9929703139999
27,34,KJep2,1107.45853904
28,34,KJep2,1147.5269182240002
29,34,KJep2,1156.767629847
30,34,KJep2,1204.77638302
31,34,KJep2,1217.787626106
32,34,KJep2,1246.295603692
33,34,KJep2,1281.7601024310002
0,36,KJep2,39.438086440000006
1,36,KJep2,124.84520569300005
2,36,KJep2,191.453911386
3,36,KJep2,235.42971860299983
4,36,KJep2,293.8403922339998
5,36,KJep2,368.1980082149999
6,36,KJep2,405.7603066939998
7,36,KJep2,478.13583104699995
8,36,KJep2,588.6706144670003
9,36,KJep2,610.885114573
10,36,KJep2,674.8443606669999
11,36,KJep2,695.0755619270001
12,36,KJep2,756.5109983030002
13,36,KJep2,811.3547168580002
14,36,KJep2,912.242871587
15,36,KJep2,964.9208576120003
16,36,KJep2,987.9342963160002
17,36,KJep2,1018.193001582
18,36,KJep2,1106.049856716
19,36,KJep2,1161.110683074
20,36,KJep2,1244.4504934939998
21,36,KJep2,1275.397564964
0,35,KJep2,7.776371688999916
1,35,KJep2,144.394383694
2,35,KJep2,294.8420679649998
3,35,KJep2,417.51174754199997
4,35,KJep2,496.95376356300005
5,35,KJep2,613.8428570269997
6,35,KJep2,676.7694888789998
7,35,KJep2,701.44993011
8,35,KJep2,812.5984280129999
9,35,KJep2,899.005268894
10,35,KJep2,970.729818798
11,35,KJep2,991.31136982
12,35,KJep2,1108.908756555
13,35,KJep2,1249.392832947
0,38,KJep2,25.28274663799999
1,38,KJep2,40.92905022000002
2,38,KJep2,67.01817571100003
3,38,KJep2,83.49993193699999
4,38,KJep2,96.37788103700001
5,38,KJep2,123.55067384299996
6,38,KJep2,146.10358157000005
7,38,KJep2,165.337651805
8,38,KJep2,192.21099476900002
9,38,KJep2,225.47328586500004
10,38,KJep2,233.51359176900002
11,38,KJep2,276.017316363
12,38,KJep2,294.51662776100005
13,38,KJep2,314.873893296
14,38,KJep2,334.64118315900004
15,38,KJep2,365.43472572900004
16,38,KJep2,371.039084336
17,38,KJep2,389.221458155
18,38,KJep2,397.96273337400004
19,38,KJep2,406.45359548199997
20,38,KJep2,414.24371125199997
21,38,KJep2,459.666401502
22,38,KJep2,478.649342353
23,38,KJep2,497.61604119599997
24,38,KJep2,528.159241938
25,38,KJep2,566.0287511519999
26,38,KJep2,588.615027974
27,38,KJep2,599.257684698
28,38,KJep2,612.8522132410002
29,38,KJep2,665.0649549299999
30,38,KJep2,673.3554617289999
31,38,KJep2,697.7433054400002
32,38,KJep2,731.6561379780002
33,38,KJep2,763.7673402419999
34,38,KJep2,812.6285260469998
35,38,KJep2,862.1049403129997
36,38,KJep2,886.642590658
37,38,KJep2,909.595669775
38,38,KJep2,966.512148755
39,38,KJep2,988.4312824889998
40,38,KJep2,1019.658270724
41,38,KJep2,1104.686752861
42,38,KJep2,1161.052244749
43,38,KJep2,1185.190489327
44,38,KJep2,1210.379183818
45,38,KJep2,1228.77822034
46,38,KJep2,1245.375673434
47,38,KJep2,1268.6789187260001
0,40,KJep2,287.261522657
1,40,KJep2,496.460100942
2,40,KJep2,596.941524369
3,40,KJep2,670.855806193
4,40,KJep2,692.9082829209999
5,40,KJep2,811.3928825710001
6,40,KJep2,885.4239269569999
7,40,KJep2,907.626057518
8,40,KJep2,964.9090942160001
9,40,KJep2,987.2127084260001
10,40,KJep2,1106.824809314
11,40,KJep2,1244.660953013
0,43,KJep2,6.733262858000046
1,43,KJep2,52.27258426200001
2,43,KJep2,57.59380597100005
3,43,KJep2,102.18275966099999
4,43,KJep2,120.281697075
5,43,KJep2,145.60383622400005
6,43,KJep2,147.63914344
7,43,KJep2,191.4939445160001
8,43,KJep2,194.4961369490001
9,43,KJep2,202.46995003300003
10,43,KJep2,203.98786035900002
11,43,KJep2,237.58365241
12,43,KJep2,294.61656645000005
13,43,KJep2,316.244887015
14,43,KJep2,320.79954308900005
15,43,KJep2,345.55366667200013
16,43,KJep2,366.82283742
17,43,KJep2,405.890119475
18,43,KJep2,478.9869584270001
19,43,KJep2,493.59969491
20,43,KJep2,497.70314538900004
21,43,KJep2,526.6281640970001
22,43,KJep2,528.1462818990001
23,43,KJep2,570.998538198
24,43,KJep2,601.4585703560001
25,43,KJep2,612.617920395
26,43,KJep2,613.868526188
27,43,KJep2,672.9536507800002
28,43,KJep2,794.7094723320001
29,43,KJep2,1013.307574347
30,43,KJep2,1193.16162717
31,43,KJep2,1221.152701629
32,43,KJep2,1238.851132263
33,43,KJep2,1242.80484675
34,43,KJep2,1245.223623779
0,44,KJep2,28.10430660100008
1,44,KJep2,90.897271414
2,44,KJep2,143.84099934600002
3,44,KJep2,194.3685414290001
4,44,KJep2,235.07015218400002
5,44,KJep2,315.82810744900013
6,44,KJep2,353.306842287
7,44,KJep2,371.5543868520001
8,44,KJep2,428.7651381150001
9,44,KJep2,494.38595572100013
10,44,KJep2,604.3896517410002
11,44,KJep2,612.7061720309999
12,44,KJep2,664.716811599
13,44,KJep2,734.42410423
14,44,KJep2,822.79793741
15,44,KJep2,871.508690118
16,44,KJep2,905.2555458650003
17,44,KJep2,936.917937834
18,44,KJep2,996.211652447
19,44,KJep2,1033.524380173
20,44,KJep2,1117.4147285860001
21,44,KJep2,1164.376517215
22,44,KJep2,1204.471666635
23,44,KJep2,1245.684392983
0,45,KJep2,170.23398141399997
1,45,KJep2,420.591624951
2,45,KJep2,620.66676132
3,45,KJep2,700.557221927
4,45,KJep2,842.8554863709999
5,45,KJep2,861.103714138
6,45,KJep2,1018.01875067
0,55,KJep2,25.47936262400003
1,55,KJep2,58.108732375000045
2,55,KJep2,90.67216519600004
3,55,KJep2,101.12097629999994
4,55,KJep2,130.30087823300005
5,55,KJep2,149.11583702400003
6,55,KJep2,197.826848617
7,55,KJep2,242.90557368500004
8,55,KJep2,295.1823163890001
9,55,KJep2,317.63011674299986
10,55,KJep2,344.71027486799994
11,55,KJep2,372.37329677899993
12,55,KJep2,384.706238019
13,55,KJep2,405.68664203300006
14,55,KJep2,412.7526133879999
15,55,KJep2,419.90222569300005
16,55,KJep2,427.05105355300003
17,55,KJep2,464.51381291900003
18,55,KJep2,475.21238541199995
19,55,KJep2,492.47711446
20,55,KJep2,498.8265154559999
21,55,KJep2,529.073137271
22,55,KJep2,549.870628852
23,55,KJep2,566.1624960629998
24,55,KJep2,576.8618241009999
25,55,KJep2,599.858075744
26,55,KJep2,615.8902210159999
27,55,KJep2,629.038374067
28,55,KJep2,660.234951875
29,55,KJep2,668.5512237219997
30,55,KJep2,676.4335329559999
31,55,KJep2,685.1825850359999
32,55,KJep2,695.7978247130001
33,55,KJep2,719.6618739149999
34,55,KJep2,731.0774711319998
35,55,KJep2,759.8911760780001
36,55,KJep2,792.1371154899997
37,55,KJep2,813.5527452919999
38,55,KJep2,829.3007159459999
39,55,KJep2,843.4159863030001
40,55,KJep2,862.2471804929999
41,55,KJep2,872.345982888
42,55,KJep2,880.5447357539999
43,55,KJep2,887.6608850389999
44,55,KJep2,896.7771472860001
45,55,KJep2,907.341836449
46,55,KJep2,942.3217691739999
47,55,KJep2,959.087013662
48,55,KJep2,967.135372671
49,55,KJep2,988.066312398
50,55,KJep2,1015.096344837
51,55,KJep2,1032.278550888
52,55,KJep2,1060.3730999859997
53,55,KJep2,1082.071219877
54,55,KJep2,1102.117999332
55,55,KJep2,1109.201442068
56,55,KJep2,1164.562448218
57,55,KJep2,1204.2074363949996
58,55,KJep2,1217.106507929
59,55,KJep2,1227.005633038
60,55,KJep2,1246.1533263869999
61,55,KJep2,1256.851816534
0,48,KJep2,66.45114727999999
1,48,KJep2,126.10204578799994
2,48,KJep2,148.15526902299996
3,48,KJep2,207.823652027
4,48,KJep2,295.8369395160001
5,48,KJep2,413.55590889900003
6,48,KJep2,496.12536181299987
7,48,KJep2,597.530238305
8,48,KJep2,611.55885571
9,48,KJep2,708.609445437
10,48,KJep2,861.948823055
11,48,KJep2,888.622399138
12,48,KJep2,908.189456715
13,48,KJep2,967.223717305
14,48,KJep2,987.058184203
15,48,KJep2,1108.255043264
16,48,KJep2,1148.2565611060002
17,48,KJep2,1156.396230603
18,48,KJep2,1203.25449122
19,48,KJep2,1249.44463438
0,56,KJep2,9.599651273000006
1,56,KJep2,68.66759593
2,56,KJep2,148.01935310200003
3,56,KJep2,189.83947822099998
4,56,KJep2,256.16656504800005
5,56,KJep2,297.01819066100006
6,56,KJep2,426.46432924699997
7,56,KJep2,497.58658788099996
8,56,KJep2,548.363636482
9,56,KJep2,601.1934211759999
10,56,KJep2,615.0221323629999
11,56,KJep2,669.269155748
12,56,KJep2,676.3921466919999
13,56,KJep2,698.2779500930002
14,56,KJep2,814.6380086989999
15,56,KJep2,872.1045373310001
16,56,KJep2,920.713106346
17,56,KJep2,1026.0898651030002
18,56,KJep2,1108.377921062
19,56,KJep2,1175.4863872160001
20,56,KJep2,1207.1137967860002
21,56,KJep2,1246.6809974740002
0,63,KJep2,34.08143405999999
1,63,KJep2,66.72599268400006
2,63,KJep2,124.743342364
3,63,KJep2,193.46956551000005
4,63,KJep2,293.43042122299994
5,63,KJep2,315.54955017199995
6,63,KJep2,370.380451208
7,63,KJep2,415.88685193199996
8,63,KJep2,479.408556519
9,63,KJep2,496.256404915
10,63,KJep2,528.567737837
11,63,KJep2,588.634168566
12,63,KJep2,604.6649465150001
13,63,KJep2,670.0216773480001
14,63,KJep2,693.408630725
15,63,KJep2,737.7306104920001
16,63,KJep2,812.1206613210001
17,63,KJep2,885.834646929
18,63,KJep2,908.1704117869999
19,63,KJep2,966.0208883199997
20,63,KJep2,988.774012009
21,63,KJep2,1024.871881823
22,63,KJep2,1081.6828576369999
23,63,KJep2,1107.939059757
24,63,KJep2,1170.6267520039999
25,63,KJep2,1244.140423802
0,65,KJep2,125.14174193099994
1,65,KJep2,297.24051846099997
2,65,KJep2,496.6224016629999
3,65,KJep2,617.3591216299999
4,65,KJep2,674.585724413
5,65,KJep2,694.3660158999999
6,65,KJep2,812.4366465170001
7,65,KJep2,886.9775674069998
8,65,KJep2,910.441806263
9,65,KJep2,965.751609343
10,65,KJep2,986.5000904039999
11,65,KJep2,1107.4747248469998
12,65,KJep2,1146.453701532
13,65,KJep2,1156.103181427
14,65,KJep2,1244.443075539
0,66,KJep2,23.930796525000005
1,66,KJep2,40.82870041800004
2,66,KJep2,57.826520759000005
3,66,KJep2,81.90723985299995
4,66,KJep2,100.93870671499997
5,66,KJep2,117.46932716000003
6,66,KJep2,124.13517688200001
7,66,KJep2,147.216697179
8,66,KJep2,192.111607692
9,66,KJep2,234.19002859
10,66,KJep2,273.785785768
11,66,KJep2,285.450950511
12,66,KJep2,295.016456629
13,66,KJep2,307.393786464
14,66,KJep2,315.84214962299995
15,66,KJep2,337.307208728
16,66,KJep2,367.3869513069999
17,66,KJep2,396.11639805699997
18,66,KJep2,404.015615107
19,66,KJep2,414.01487874200006
20,66,KJep2,464.42551831800006
21,66,KJep2,478.70715770700014
22,66,KJep2,498.12177810400004
23,66,KJep2,529.0018411849999
24,66,KJep2,573.274891369
25,66,KJep2,599.8545695380001
26,66,KJep2,612.602641666
27,66,KJep2,665.1805827430001
28,66,KJep2,673.9970898280001
29,66,KJep2,691.1112729659999
30,66,KJep2,705.30913197
31,66,KJep2,705.959397634
32,66,KJep2,728.207853483
33,66,KJep2,745.605103996
34,66,KJep2,784.1509039990001
35,66,KJep2,792.283125551
36,66,KJep2,795.2661811979999
37,66,KJep2,842.4245826470001
38,66,KJep2,855.339871702
39,66,KJep2,873.5717814989999
40,66,KJep2,887.370561765
41,66,KJep2,905.884761938
42,66,KJep2,936.3141109330002
43,66,KJep2,966.178268408
44,66,KJep2,986.925592192
45,66,KJep2,1002.8909193810001
46,66,KJep2,1013.706324617
47,66,KJep2,1033.003744111
48,66,KJep2,1045.461897523
49,66,KJep2,1083.573286072
50,66,KJep2,1103.555733971
51,66,KJep2,1150.232511806
52,66,KJep2,1156.9161835080001
53,66,KJep2,1165.59810238
54,66,KJep2,1198.477262096
55,66,KJep2,1230.5579186260002
56,66,KJep2,1249.172398619
57,66,KJep2,1276.40299711
0,67,KJep2,2.5026160919999256
1,67,KJep2,34.814053007999966
2,67,KJep2,53.745816432000076
3,67,KJep2,67.37741238000011
4,67,KJep2,116.48943419200009
5,67,KJep2,126.90448643700006
6,67,KJep2,150.28472988099998
7,67,KJep2,195.09693223
8,67,KJep2,298.79060313500014
9,67,KJep2,327.5380183530001
10,67,KJep2,372.16671709999986
11,67,KJep2,475.0190759990001
12,67,KJep2,511.24818221000015
13,67,KJep2,533.2460675320001
14,67,KJep2,599.4055616390001
15,67,KJep2,614.687056665
16,67,KJep2,670.0148305390001
17,67,KJep2,680.629090058
18,67,KJep2,698.1108422460001
19,67,KJep2,814.774515352
20,67,KJep2,859.6693188129997
21,67,KJep2,880.233941898
22,67,KJep2,902.298945809
23,67,KJep2,916.279345721
24,67,KJep2,1026.1318336220004
25,67,KJep2,1049.363360532
26,67,KJep2,1101.3566438070002
27,67,KJep2,1113.3554506670002
28,67,KJep2,1189.7135153660001
29,67,KJep2,1198.245675662
30,67,KJep2,1211.5609980580002
31,67,KJep2,1230.32554037
32,67,KJep2,1249.3738830739999
33,67,KJep2,1277.586964175
0,91,KJep2,66.55028220200006
1,91,KJep2,125.91038439
2,91,KJep2,151.47369383500006
3,91,KJep2,226.599185878
4,91,KJep2,320.02070350200006
5,91,KJep2,367.91566249199997
6,91,KJep2,414.92671820699996
7,91,KJep2,488.68505090900004
8,91,KJep2,496.86797036200005
9,91,KJep2,528.597816432
10,91,KJep2,587.387364445
11,91,KJep2,598.1690642990001
12,91,KJep2,619.7840772499999
13,91,KJep2,665.6287006529999
14,91,KJep2,676.1437562369999
15,91,KJep2,694.425001932
16,91,KJep2,731.138434622
17,91,KJep2,743.7199227029997
18,91,KJep2,782.6652041349997
19,91,KJep2,811.573796656
20,91,KJep2,862.9847035280001
21,91,KJep2,888.8315098239999
22,91,KJep2,936.510074198
23,91,KJep2,951.241286233
24,91,KJep2,972.088904332
25,91,KJep2,990.8701476489999
26,91,KJep2,1019.316177127
27,91,KJep2,1104.10724192
28,91,KJep2,1162.018124899
29,91,KJep2,1171.116388048
30,91,KJep2,1199.7639371110001
31,91,KJep2,1207.112339382
32,91,KJep2,1219.694696389
33,91,KJep2,1246.040825279
34,91,KJep2,1276.238016239
0,53,KJep2,7.901276026000005
1,53,KJep2,124.52149560099994
2,53,KJep2,294.46119718499995
3,53,KJep2,496.008843282
4,53,KJep2,596.8639531809999
5,53,KJep2,610.8785828160002
6,53,KJep2,674.355437231
7,53,KJep2,693.669936255
8,53,KJep2,812.5507600800001
9,53,KJep2,886.2595876070003
10,53,KJep2,906.540288177
11,53,KJep2,966.584038249
12,53,KJep2,986.2474900789999
13,53,KJep2,1018.1543043559998
14,53,KJep2,1107.078624558
15,53,KJep2,1244.846158201
0,80,KJep2,147.50312481100002
1,80,KJep2,205.44635758899997
2,80,KJep2,295.63013185
3,80,KJep2,371.17207953699995
4,80,KJep2,416.23379455800006
5,80,KJep2,497.252531088
6,80,KJep2,598.8421357310001
7,80,KJep2,616.4906969919999
8,80,KJep2,675.6996139969999
9,80,KJep2,704.763493535
10,80,KJep2,815.9972440539999
11,80,KJep2,889.0061653319998
12,80,KJep2,917.4862384060001
13,80,KJep2,967.0501448110001
14,80,KJep2,989.0812276519999
15,80,KJep2,1108.8848535460002
16,80,KJep2,1237.669892492
0,74,KJep2,27.896856689999932
1,74,KJep2,41.712072792999955
2,74,KJep2,67.65886651899996
3,74,KJep2,98.25574300799995
4,74,KJep2,124.15268944799992
5,74,KJep2,146.99966563399994
6,74,KJep2,201.87766529599992
7,74,KJep2,291.4012312499999
8,74,KJep2,294.31758881199994
9,74,KJep2,315.3074152879999
10,74,KJep2,340.655085787
11,74,KJep2,413.0814156069998
12,74,KJep2,480.822921279
13,74,KJep2,499.2047716
14,74,KJep2,530.0175782479998
15,74,KJep2,573.2394543080001
16,74,KJep2,599.370080248
17,74,KJep2,614.1182092670001
18,74,KJep2,676.5441521380001
19,74,KJep2,699.0760411450002
20,74,KJep2,719.0402253919998
21,74,KJep2,813.3912255379997
22,74,KJep2,842.6881331519999
23,74,KJep2,872.5365829069998
24,74,KJep2,892.4490338119998
25,74,KJep2,910.9468196419999
26,74,KJep2,942.177482404
27,74,KJep2,966.007976016
28,74,KJep2,1017.8347358110001
29,74,KJep2,1108.634250907
30,74,KJep2,1148.447211197
31,74,KJep2,1156.8788477360001
32,74,KJep2,1173.1438678680001
33,74,KJep2,1200.5910076500004
34,74,KJep2,1219.2216089550002
35,74,KJep2,1245.469167336
0,84,KJep2,26.977967255
1,84,KJep2,54.541063002
2,84,KJep2,95.05328420299999
3,84,KJep2,125.13297828600001
4,84,KJep2,148.21471771900002
5,84,KJep2,192.376205178
6,84,KJep2,230.96774791
7,84,KJep2,293.94420141
8,84,KJep2,314.008555119
9,84,KJep2,337.339561336
10,84,KJep2,368.502436086
11,84,KJep2,412.264633904
12,84,KJep2,495.91853859
13,84,KJep2,526.030876084
14,84,KJep2,570.177042569
15,84,KJep2,596.640626654
16,84,KJep2,611.805403192
17,84,KJep2,664.216605706
18,84,KJep2,674.132265993
19,84,KJep2,694.7123144340001
20,84,KJep2,729.541905072
21,84,KJep2,760.953785772
22,84,KJep2,812.231655704
23,84,KJep2,844.127861652
24,84,KJep2,846.6453268959999
25,84,KJep2,859.942648169
26,84,KJep2,873.208738102
27,84,KJep2,885.7735577499999
28,84,KJep2,905.8377771039999
29,84,KJep2,938.217141371
30,84,KJep2,965.2980904559997
31,84,KJep2,985.6958432060001
32,84,KJep2,1008.4537088860002
33,84,KJep2,1016.003249547
34,84,KJep2,1048.0833848319999
35,84,KJep2,1083.612479722
36,84,KJep2,1106.843699227
37,84,KJep2,1146.1894234
38,84,KJep2,1155.954772255
39,84,KJep2,1170.90310752
40,84,KJep2,1184.917768748
41,84,KJep2,1203.6989079490002
42,84,KJep2,1218.29740704
43,84,KJep2,1244.244577482
