,index,dissimvalues,pairtype,subjnum,age
0,within,0.8379408699974509,within,sub-1000,kid
1,boundary,0.7165740761840351,unique,sub-1000,kid
2,within,0.8156669576176346,within,sub-1000,kid
3,boundary,0.28639955552301244,unique,sub-1000,kid
4,within,0.35304617229959423,within,sub-1000,kid
5,boundary,0.7582085449516697,shared,sub-1000,kid
6,within,0.8970779310888363,within,sub-1000,kid
7,boundary,0.5240255442185788,unique,sub-1000,kid
8,within,1.0553136328669614,within,sub-1000,kid
9,boundary,0.5584868399211473,unique,sub-1000,kid
10,within,0.7046334469276715,within,sub-1000,kid
11,boundary,0.42096207068707725,shared,sub-1000,kid
12,within,0.5645845804898619,within,sub-1000,kid
13,boundary,0.6799743401763991,unique,sub-1000,kid
14,within,0.7816665931437853,within,sub-1000,kid
15,boundary,0.6631721965022244,shared,sub-1000,kid
16,within,0.3371436801698202,within,sub-1000,kid
17,boundary,0.6308688366291999,unique,sub-1000,kid
18,within,0.9614750836238634,within,sub-1000,kid
19,boundary,0.7109349269411973,shared,sub-1000,kid
20,within,0.21983520462866235,within,sub-1001,kid
21,boundary,0.3634191021703148,unique,sub-1001,kid
22,within,0.6423269833591456,within,sub-1001,kid
23,boundary,0.6418749550898268,unique,sub-1001,kid
24,within,0.7208683589902882,within,sub-1001,kid
25,boundary,0.9165234877574451,shared,sub-1001,kid
26,within,0.7021015818352331,within,sub-1001,kid
27,boundary,0.42863310238478136,unique,sub-1001,kid
28,within,0.7027601347527883,within,sub-1001,kid
29,boundary,0.5494097542090586,unique,sub-1001,kid
30,within,1.2130769408405049,within,sub-1001,kid
31,boundary,0.7453828716190802,shared,sub-1001,kid
32,within,0.8984429827452312,within,sub-1001,kid
33,boundary,1.3392347946986054,unique,sub-1001,kid
34,within,1.0592258613055723,within,sub-1001,kid
35,boundary,0.5794076880811412,shared,sub-1001,kid
36,within,0.9024439455225172,within,sub-1001,kid
37,boundary,0.4444040941681192,unique,sub-1001,kid
38,within,0.8043663766224418,within,sub-1001,kid
39,boundary,0.6475432587684182,shared,sub-1001,kid
40,within,0.9543126150283465,within,sub-1002,kid
41,boundary,0.9336013687767407,unique,sub-1002,kid
42,within,0.37222493714529803,within,sub-1002,kid
43,boundary,1.0443284098583614,unique,sub-1002,kid
44,within,0.6752734537757685,within,sub-1002,kid
45,boundary,0.4420831602299252,shared,sub-1002,kid
46,within,0.5336368711743253,within,sub-1002,kid
47,boundary,0.5166593322103359,unique,sub-1002,kid
48,within,1.0296275352389128,within,sub-1002,kid
49,boundary,0.5011932288311299,unique,sub-1002,kid
50,within,0.6179608782535833,within,sub-1002,kid
51,boundary,0.746808505290169,shared,sub-1002,kid
52,within,0.6005359572429195,within,sub-1002,kid
53,boundary,0.7290910997359248,unique,sub-1002,kid
54,within,1.047124088506746,within,sub-1002,kid
55,boundary,1.1289618368639986,shared,sub-1002,kid
56,within,0.6554402121515251,within,sub-1002,kid
57,boundary,0.6714311351716945,unique,sub-1002,kid
58,within,1.0420847547455758,within,sub-1002,kid
59,boundary,0.5282275982887246,shared,sub-1002,kid
60,within,0.8277954988765391,within,sub-1006,kid
61,boundary,0.6839711260168414,unique,sub-1006,kid
62,within,0.6503143880815219,within,sub-1006,kid
63,boundary,0.4753356180125201,unique,sub-1006,kid
64,within,1.0064428345151324,within,sub-1006,kid
65,boundary,0.84665630820869,shared,sub-1006,kid
66,within,0.4736306970490677,within,sub-1006,kid
67,boundary,0.9652045717232104,unique,sub-1006,kid
68,within,0.7078868656292527,within,sub-1006,kid
69,boundary,0.47298440988669055,unique,sub-1006,kid
70,within,0.4192324042659116,within,sub-1006,kid
71,boundary,0.9268990392818653,shared,sub-1006,kid
72,within,1.071606978383117,within,sub-1006,kid
73,boundary,0.657210340743368,unique,sub-1006,kid
74,within,1.243351645168166,within,sub-1006,kid
75,boundary,0.3202141586433178,shared,sub-1006,kid
76,within,0.5429232254853195,within,sub-1006,kid
77,boundary,0.6854171382408027,unique,sub-1006,kid
78,within,1.0266133791341676,within,sub-1006,kid
79,boundary,0.8393355577319135,shared,sub-1006,kid
80,within,1.1773648518437836,within,sub-1007,kid
81,boundary,0.46248680570241807,unique,sub-1007,kid
82,within,0.6276038179494889,within,sub-1007,kid
83,boundary,0.21297545204314017,unique,sub-1007,kid
84,within,0.9052499172998755,within,sub-1007,kid
85,boundary,0.41815616157530766,shared,sub-1007,kid
86,within,0.9276243648165357,within,sub-1007,kid
87,boundary,0.4357251803083626,unique,sub-1007,kid
88,within,0.9523840056786491,within,sub-1007,kid
89,boundary,0.9399838563850079,unique,sub-1007,kid
90,within,0.7449704581611949,within,sub-1007,kid
91,boundary,1.2072363873466692,shared,sub-1007,kid
92,within,0.9386782133165725,within,sub-1007,kid
93,boundary,1.05346162702838,unique,sub-1007,kid
94,within,0.4360793698617189,within,sub-1007,kid
95,boundary,0.25834443426590814,shared,sub-1007,kid
96,within,0.9761705818691484,within,sub-1007,kid
97,boundary,0.6155982257510731,unique,sub-1007,kid
98,within,0.6143380940083869,within,sub-1007,kid
99,boundary,0.21869162737984515,shared,sub-1007,kid
100,within,0.9488924871743759,within,sub-1009,kid
101,boundary,0.46074928799565407,unique,sub-1009,kid
102,within,0.68578428884213,within,sub-1009,kid
103,boundary,0.5931566526080447,unique,sub-1009,kid
104,within,0.757099481886549,within,sub-1009,kid
105,boundary,0.7992998917781738,shared,sub-1009,kid
106,within,0.9271027889071661,within,sub-1009,kid
107,boundary,0.8750808724193476,unique,sub-1009,kid
108,within,1.0620598537285182,within,sub-1009,kid
109,boundary,0.8297046863297649,unique,sub-1009,kid
110,within,0.619013514301178,within,sub-1009,kid
111,boundary,1.0346154463760726,shared,sub-1009,kid
112,within,0.6926692286233979,within,sub-1009,kid
113,boundary,0.712042655986618,unique,sub-1009,kid
114,within,0.31258787153323797,within,sub-1009,kid
115,boundary,0.32402791481714177,shared,sub-1009,kid
116,within,1.0024581729170357,within,sub-1009,kid
117,boundary,0.6073876700408811,unique,sub-1009,kid
118,within,0.70370780516479,within,sub-1009,kid
119,boundary,0.5131017023337949,shared,sub-1009,kid
120,within,0.7883691651275374,within,sub-1011,kid
121,boundary,1.0206527658579057,unique,sub-1011,kid
122,within,0.5706229006642827,within,sub-1011,kid
123,boundary,0.5143142453654442,unique,sub-1011,kid
124,within,0.7067093234656399,within,sub-1011,kid
125,boundary,0.6078470760839605,shared,sub-1011,kid
126,within,0.4267580935576075,within,sub-1011,kid
127,boundary,0.7417175950087187,unique,sub-1011,kid
128,within,0.6837486612598889,within,sub-1011,kid
129,boundary,0.6603128338021351,unique,sub-1011,kid
130,within,0.3936172902169591,within,sub-1011,kid
131,boundary,0.7337380729067682,shared,sub-1011,kid
132,within,0.9446511400204963,within,sub-1011,kid
133,boundary,0.48071118293657855,unique,sub-1011,kid
134,within,0.7191871859435748,within,sub-1011,kid
135,boundary,1.1481592421529248,shared,sub-1011,kid
136,within,0.4698785790229929,within,sub-1011,kid
137,boundary,0.9057465247044336,unique,sub-1011,kid
138,within,0.4299396124443733,within,sub-1011,kid
139,boundary,0.5139188761563173,shared,sub-1011,kid
140,within,1.1976034067857246,within,sub-1012,kid
141,boundary,0.2786757104604022,unique,sub-1012,kid
142,within,0.7722126569863557,within,sub-1012,kid
143,boundary,1.1170778774053896,unique,sub-1012,kid
144,within,1.0175096453161685,within,sub-1012,kid
145,boundary,0.5940411191330832,shared,sub-1012,kid
146,within,1.13130169349538,within,sub-1012,kid
147,boundary,1.131322911904812,unique,sub-1012,kid
148,within,0.6100313872286891,within,sub-1012,kid
149,boundary,0.6691472414740726,unique,sub-1012,kid
150,within,0.9610973502162304,within,sub-1012,kid
151,boundary,0.9016795913043383,shared,sub-1012,kid
152,within,0.9038735284760095,within,sub-1012,kid
153,boundary,0.5694971057129461,unique,sub-1012,kid
154,within,0.9213978716585467,within,sub-1012,kid
155,boundary,0.9794969482381586,shared,sub-1012,kid
156,within,0.4625492629852507,within,sub-1012,kid
157,boundary,0.9235124742419072,unique,sub-1012,kid
158,within,1.085333937862401,within,sub-1012,kid
159,boundary,0.4071291398904151,shared,sub-1012,kid
160,within,0.7406760031408643,within,sub-1015,kid
161,boundary,0.8460636742061451,unique,sub-1015,kid
162,within,0.7416705288880562,within,sub-1015,kid
163,boundary,0.9553365097131442,unique,sub-1015,kid
164,within,0.6890452019240327,within,sub-1015,kid
165,boundary,0.817990138350588,shared,sub-1015,kid
166,within,0.7278612870792893,within,sub-1015,kid
167,boundary,0.6337231439446895,unique,sub-1015,kid
168,within,0.9343026168512312,within,sub-1015,kid
169,boundary,0.6748565709297365,unique,sub-1015,kid
170,within,1.0141984268295443,within,sub-1015,kid
171,boundary,1.1263843621550214,shared,sub-1015,kid
172,within,0.7712025066816132,within,sub-1015,kid
173,boundary,1.2770950871271498,unique,sub-1015,kid
174,within,1.1132344530415774,within,sub-1015,kid
175,boundary,0.6647755423151633,shared,sub-1015,kid
176,within,0.504948678511208,within,sub-1015,kid
177,boundary,0.6442022590498364,unique,sub-1015,kid
178,within,0.5486278147599288,within,sub-1015,kid
179,boundary,0.5320807263640875,shared,sub-1015,kid
180,within,1.0920308633705573,within,sub-1016,kid
181,boundary,0.6462902932712772,unique,sub-1016,kid
182,within,0.7073611962967288,within,sub-1016,kid
183,boundary,1.1937661088764535,unique,sub-1016,kid
184,within,1.173006900311687,within,sub-1016,kid
185,boundary,1.1733560748746379,shared,sub-1016,kid
186,within,1.053249473344678,within,sub-1016,kid
187,boundary,0.7570106700482171,unique,sub-1016,kid
188,within,0.8109449884333175,within,sub-1016,kid
189,boundary,0.7931498593268033,unique,sub-1016,kid
190,within,0.8721128897115243,within,sub-1016,kid
191,boundary,0.5386223080471331,shared,sub-1016,kid
192,within,0.7299059106357202,within,sub-1016,kid
193,boundary,1.0604456671488356,unique,sub-1016,kid
194,within,1.1017805924893471,within,sub-1016,kid
195,boundary,0.9300250607205776,shared,sub-1016,kid
196,within,0.65701385538179,within,sub-1016,kid
197,boundary,0.9638265223458827,unique,sub-1016,kid
198,within,1.0849149911268947,within,sub-1016,kid
199,boundary,0.6427091180838316,shared,sub-1016,kid
200,within,0.8969797788722426,within,sub-1017,kid
201,boundary,0.724424880480191,unique,sub-1017,kid
202,within,0.9042329986899683,within,sub-1017,kid
203,boundary,0.8658138590428882,unique,sub-1017,kid
204,within,0.6717092997083975,within,sub-1017,kid
205,boundary,0.5771088740631465,shared,sub-1017,kid
206,within,0.3116096190325657,within,sub-1017,kid
207,boundary,0.9330886980579837,unique,sub-1017,kid
208,within,1.185866532674187,within,sub-1017,kid
209,boundary,0.7924391141301879,unique,sub-1017,kid
210,within,0.5857638990036884,within,sub-1017,kid
211,boundary,0.7434187601888727,shared,sub-1017,kid
212,within,1.2751644885031062,within,sub-1017,kid
213,boundary,0.4694727237311095,unique,sub-1017,kid
214,within,0.9334561251468044,within,sub-1017,kid
215,boundary,0.18331515678742216,shared,sub-1017,kid
216,within,0.7496243449140017,within,sub-1017,kid
217,boundary,0.6678058488241159,unique,sub-1017,kid
218,within,0.9568607999849715,within,sub-1017,kid
219,boundary,0.27353551705026147,shared,sub-1017,kid
220,within,0.5279878118446898,within,sub-1019,kid
221,boundary,0.6529421979147623,unique,sub-1019,kid
222,within,0.5118632010487503,within,sub-1019,kid
223,boundary,0.658487166069035,unique,sub-1019,kid
224,within,1.0408234432242742,within,sub-1019,kid
225,boundary,1.0536931562161886,shared,sub-1019,kid
226,within,0.5272443936529292,within,sub-1019,kid
227,boundary,0.9502471948373064,unique,sub-1019,kid
228,within,1.1250834533174878,within,sub-1019,kid
229,boundary,0.36816460958166297,unique,sub-1019,kid
230,within,0.398581785630046,within,sub-1019,kid
231,boundary,0.9778627556142162,shared,sub-1019,kid
232,within,0.5016585933140914,within,sub-1019,kid
233,boundary,0.5125270598366761,unique,sub-1019,kid
234,within,0.46991756651862326,within,sub-1019,kid
235,boundary,0.40846711124201907,shared,sub-1019,kid
236,within,0.6426796961337183,within,sub-1019,kid
237,boundary,0.8998168164302028,unique,sub-1019,kid
238,within,0.8021818496757305,within,sub-1019,kid
239,boundary,0.7472064219952812,shared,sub-1019,kid
240,within,0.4292332683476392,within,sub-1023,kid
241,boundary,0.6654086396695724,unique,sub-1023,kid
242,within,0.9744263440518243,within,sub-1023,kid
243,boundary,0.7690759421163378,unique,sub-1023,kid
244,within,0.6623051047160009,within,sub-1023,kid
245,boundary,0.3496658516670974,shared,sub-1023,kid
246,within,0.5822482019686891,within,sub-1023,kid
247,boundary,1.0315883989143333,unique,sub-1023,kid
248,within,0.4721953031502677,within,sub-1023,kid
249,boundary,0.9629132639041336,unique,sub-1023,kid
250,within,0.5171374203665386,within,sub-1023,kid
251,boundary,0.5772050647588336,shared,sub-1023,kid
252,within,0.2995922579016468,within,sub-1023,kid
253,boundary,0.6883299317399527,unique,sub-1023,kid
254,within,0.45143904400426194,within,sub-1023,kid
255,boundary,0.9626714611313019,shared,sub-1023,kid
256,within,0.7971914416931045,within,sub-1023,kid
257,boundary,1.2552990930428303,unique,sub-1023,kid
258,within,1.3315500689132582,within,sub-1023,kid
259,boundary,1.037358419749801,shared,sub-1023,kid
260,within,0.8309011285398319,within,sub-1024,kid
261,boundary,1.0816550701966525,unique,sub-1024,kid
262,within,0.34867183468987306,within,sub-1024,kid
263,boundary,0.9820190236016791,unique,sub-1024,kid
264,within,0.2388745868554859,within,sub-1024,kid
265,boundary,0.4930886857080592,shared,sub-1024,kid
266,within,0.7019785469090887,within,sub-1024,kid
267,boundary,0.7253861307839566,unique,sub-1024,kid
268,within,1.2302088861788911,within,sub-1024,kid
269,boundary,1.1464651210083607,unique,sub-1024,kid
270,within,0.6733877635172967,within,sub-1024,kid
271,boundary,0.5715132403737511,shared,sub-1024,kid
272,within,0.4864237648839823,within,sub-1024,kid
273,boundary,0.9934292100370091,unique,sub-1024,kid
274,within,0.3561659033804253,within,sub-1024,kid
275,boundary,0.2661397320509824,shared,sub-1024,kid
276,within,0.29120091877893906,within,sub-1024,kid
277,boundary,0.9484938268700195,unique,sub-1024,kid
278,within,0.3953926194718286,within,sub-1024,kid
279,boundary,0.8449548423417321,shared,sub-1024,kid
280,within,0.3803767414155236,within,sub-1025,kid
281,boundary,1.2157758413966542,unique,sub-1025,kid
282,within,0.8674734705923987,within,sub-1025,kid
283,boundary,0.7162540891954299,unique,sub-1025,kid
284,within,0.4561150978471009,within,sub-1025,kid
285,boundary,0.7323527409994084,shared,sub-1025,kid
286,within,1.1324926873276961,within,sub-1025,kid
287,boundary,1.1733077030953942,unique,sub-1025,kid
288,within,0.5196416166599889,within,sub-1025,kid
289,boundary,0.8822984928798541,unique,sub-1025,kid
290,within,0.781702854507647,within,sub-1025,kid
291,boundary,0.6311063035755896,shared,sub-1025,kid
292,within,0.5545199034899573,within,sub-1025,kid
293,boundary,0.47526179296370863,unique,sub-1025,kid
294,within,0.7782695264837475,within,sub-1025,kid
295,boundary,0.9109509366605573,shared,sub-1025,kid
296,within,0.6877573452278105,within,sub-1025,kid
297,boundary,0.5309441383158617,unique,sub-1025,kid
298,within,0.3532417788846557,within,sub-1025,kid
299,boundary,0.6487046668113439,shared,sub-1025,kid
300,within,1.380537751437584,within,sub-1027,kid
301,boundary,1.1344127837799995,unique,sub-1027,kid
302,within,0.7247775774578651,within,sub-1027,kid
303,boundary,0.3406682339483489,unique,sub-1027,kid
304,within,0.6405733007148398,within,sub-1027,kid
305,boundary,0.8952772723028466,shared,sub-1027,kid
306,within,0.24827167261799488,within,sub-1027,kid
307,boundary,0.8191063448123669,unique,sub-1027,kid
308,within,0.26603961737061765,within,sub-1027,kid
309,boundary,0.4249674829822111,unique,sub-1027,kid
310,within,0.4531250968118484,within,sub-1027,kid
311,boundary,0.4788333364945475,shared,sub-1027,kid
312,within,0.5363976059754615,within,sub-1027,kid
313,boundary,1.1307653804359503,unique,sub-1027,kid
314,within,0.862227873390869,within,sub-1027,kid
315,boundary,0.5210470851049058,shared,sub-1027,kid
316,within,0.9732342025520467,within,sub-1027,kid
317,boundary,1.5543559529116324,unique,sub-1027,kid
318,within,1.266862975445225,within,sub-1027,kid
319,boundary,0.6706925077014705,shared,sub-1027,kid
320,within,0.35802398618124043,within,sub-1028,kid
321,boundary,0.7012742013776253,unique,sub-1028,kid
322,within,0.6783582719556447,within,sub-1028,kid
323,boundary,0.5608778434192774,unique,sub-1028,kid
324,within,0.2906611760119553,within,sub-1028,kid
325,boundary,0.9107627637450766,shared,sub-1028,kid
326,within,0.6959312874636562,within,sub-1028,kid
327,boundary,0.3214745717053832,unique,sub-1028,kid
328,within,0.9115636112039658,within,sub-1028,kid
329,boundary,1.04763637282647,unique,sub-1028,kid
330,within,0.4989320856313796,within,sub-1028,kid
331,boundary,0.7698428881920164,shared,sub-1028,kid
332,within,0.4674863725812082,within,sub-1028,kid
333,boundary,1.1949018055592546,unique,sub-1028,kid
334,within,0.8986230727373594,within,sub-1028,kid
335,boundary,0.5911909167552853,shared,sub-1028,kid
336,within,0.46542144792215145,within,sub-1028,kid
337,boundary,1.3684982063225077,unique,sub-1028,kid
338,within,0.6877411413281309,within,sub-1028,kid
339,boundary,1.1351850320331545,shared,sub-1028,kid
340,within,0.60781169758755,within,sub-1029,kid
341,boundary,0.6816475578027815,unique,sub-1029,kid
342,within,0.5220137339828077,within,sub-1029,kid
343,boundary,0.4910345081041141,unique,sub-1029,kid
344,within,0.4034804096136839,within,sub-1029,kid
345,boundary,0.5924001451508311,shared,sub-1029,kid
346,within,0.6622948653460999,within,sub-1029,kid
347,boundary,0.28589261915034414,unique,sub-1029,kid
348,within,0.46110737197175955,within,sub-1029,kid
349,boundary,0.5377018677204422,unique,sub-1029,kid
350,within,0.27243709460974697,within,sub-1029,kid
351,boundary,0.5601982927886662,shared,sub-1029,kid
352,within,1.1706309025452604,within,sub-1029,kid
353,boundary,0.7410650260649223,unique,sub-1029,kid
354,within,0.9373519352055708,within,sub-1029,kid
355,boundary,0.8833840378431274,shared,sub-1029,kid
356,within,0.7293013163064066,within,sub-1029,kid
357,boundary,0.6882331644357402,unique,sub-1029,kid
358,within,0.6874908508706639,within,sub-1029,kid
359,boundary,0.604033048099592,shared,sub-1029,kid
360,within,0.524663480074786,within,sub-1031,kid
361,boundary,1.1989147549107937,unique,sub-1031,kid
362,within,0.34195587358530155,within,sub-1031,kid
363,boundary,0.7231180413824002,unique,sub-1031,kid
364,within,0.581600589766917,within,sub-1031,kid
365,boundary,1.063610936071184,shared,sub-1031,kid
366,within,0.9153639922528667,within,sub-1031,kid
367,boundary,0.4488137232832705,unique,sub-1031,kid
368,within,0.41425539413925727,within,sub-1031,kid
369,boundary,1.2285984820404285,unique,sub-1031,kid
370,within,0.8955225795934092,within,sub-1031,kid
371,boundary,1.115822307824105,shared,sub-1031,kid
372,within,0.7489306331896983,within,sub-1031,kid
373,boundary,0.7446452837816804,unique,sub-1031,kid
374,within,0.5179584586525929,within,sub-1031,kid
375,boundary,0.6058720356877358,shared,sub-1031,kid
376,within,0.2981229646107366,within,sub-1031,kid
377,boundary,0.6494127804447953,unique,sub-1031,kid
378,within,1.1726463459048402,within,sub-1031,kid
379,boundary,0.18916559412867762,shared,sub-1031,kid
380,within,0.6275210619030294,within,sub-1032,kid
381,boundary,0.5719132254921178,unique,sub-1032,kid
382,within,1.1297794993575734,within,sub-1032,kid
383,boundary,0.3665431648296713,unique,sub-1032,kid
384,within,1.0548789921350443,within,sub-1032,kid
385,boundary,0.9946150027508553,shared,sub-1032,kid
386,within,0.8869637345213818,within,sub-1032,kid
387,boundary,0.9707377950235082,unique,sub-1032,kid
388,within,0.6239889815459273,within,sub-1032,kid
389,boundary,1.0309075130569165,unique,sub-1032,kid
390,within,1.1202708177578327,within,sub-1032,kid
391,boundary,1.0557980759724839,shared,sub-1032,kid
392,within,0.9815522200939745,within,sub-1032,kid
393,boundary,0.7320692941827169,unique,sub-1032,kid
394,within,0.581777419931524,within,sub-1032,kid
395,boundary,0.522837156466622,shared,sub-1032,kid
396,within,1.1393137508558633,within,sub-1032,kid
397,boundary,0.9034899674148071,unique,sub-1032,kid
398,within,0.7989138769367916,within,sub-1032,kid
399,boundary,0.758516376610653,shared,sub-1032,kid
400,within,0.7616432345495128,within,sub-1033,kid
401,boundary,0.7671696486707867,unique,sub-1033,kid
402,within,0.7378872742660955,within,sub-1033,kid
403,boundary,0.4970490261067736,unique,sub-1033,kid
404,within,0.5629942306908944,within,sub-1033,kid
405,boundary,0.9270521780882379,shared,sub-1033,kid
406,within,0.6544166629146682,within,sub-1033,kid
407,boundary,0.6708271217526831,unique,sub-1033,kid
408,within,0.6508477616798973,within,sub-1033,kid
409,boundary,0.5549834981980355,unique,sub-1033,kid
410,within,0.7380802083137223,within,sub-1033,kid
411,boundary,0.5107532417309553,shared,sub-1033,kid
412,within,0.8381100862811246,within,sub-1033,kid
413,boundary,0.9920271102545999,unique,sub-1033,kid
414,within,0.6451040503841136,within,sub-1033,kid
415,boundary,0.4798689091074406,shared,sub-1033,kid
416,within,0.4829049497373574,within,sub-1033,kid
417,boundary,1.4668069566255104,unique,sub-1033,kid
418,within,0.7250269165489638,within,sub-1033,kid
419,boundary,0.29145016279930547,shared,sub-1033,kid
420,within,0.38717010195657175,within,sub-1034,kid
421,boundary,0.6354340563434882,unique,sub-1034,kid
422,within,0.6595167438403959,within,sub-1034,kid
423,boundary,0.5234975687115266,unique,sub-1034,kid
424,within,0.5963154168378471,within,sub-1034,kid
425,boundary,1.4401075572358841,shared,sub-1034,kid
426,within,0.8745171575786439,within,sub-1034,kid
427,boundary,0.8428792004745611,unique,sub-1034,kid
428,within,1.2741420506051315,within,sub-1034,kid
429,boundary,0.740813206532345,unique,sub-1034,kid
430,within,0.3770565344353648,within,sub-1034,kid
431,boundary,0.6178228814167237,shared,sub-1034,kid
432,within,0.801421333555716,within,sub-1034,kid
433,boundary,0.716197087008219,unique,sub-1034,kid
434,within,0.8644416664505906,within,sub-1034,kid
435,boundary,0.869213252727463,shared,sub-1034,kid
436,within,1.1285059685375811,within,sub-1034,kid
437,boundary,0.9114793525844641,unique,sub-1034,kid
438,within,0.9722031788265499,within,sub-1034,kid
439,boundary,0.3339039921430309,shared,sub-1034,kid
440,within,0.8896406771210423,within,sub-1035,kid
441,boundary,0.7181461404852562,unique,sub-1035,kid
442,within,0.9862727968749896,within,sub-1035,kid
443,boundary,0.844240471851222,unique,sub-1035,kid
444,within,0.5784924903631368,within,sub-1035,kid
445,boundary,0.5445287322591579,shared,sub-1035,kid
446,within,0.8843086855240601,within,sub-1035,kid
447,boundary,1.0164921402250306,unique,sub-1035,kid
448,within,1.1377911232530116,within,sub-1035,kid
449,boundary,0.7525933698819698,unique,sub-1035,kid
450,within,1.0303730233182793,within,sub-1035,kid
451,boundary,1.156852758343177,shared,sub-1035,kid
452,within,1.2836151864557577,within,sub-1035,kid
453,boundary,0.5722827017040326,unique,sub-1035,kid
454,within,0.592451191984639,within,sub-1035,kid
455,boundary,0.8214809600015514,shared,sub-1035,kid
456,within,1.186341979805484,within,sub-1035,kid
457,boundary,1.3980543750157106,unique,sub-1035,kid
458,within,1.2836378096949526,within,sub-1035,kid
459,boundary,0.9038509331211535,shared,sub-1035,kid
460,within,0.6030501296940898,within,sub-1036,kid
461,boundary,0.2963757883610687,unique,sub-1036,kid
462,within,0.3886263044830679,within,sub-1036,kid
463,boundary,0.6700089990184678,unique,sub-1036,kid
464,within,0.9228205860929336,within,sub-1036,kid
465,boundary,0.5850442831676619,shared,sub-1036,kid
466,within,0.9445135728201202,within,sub-1036,kid
467,boundary,0.6634728683362857,unique,sub-1036,kid
468,within,0.5981184288125477,within,sub-1036,kid
469,boundary,0.6343273424104638,unique,sub-1036,kid
470,within,0.7144456515153199,within,sub-1036,kid
471,boundary,0.7651769308240378,shared,sub-1036,kid
472,within,0.15625547914024362,within,sub-1036,kid
473,boundary,1.2716086562871847,unique,sub-1036,kid
474,within,1.142570502772701,within,sub-1036,kid
475,boundary,0.36685253334867174,shared,sub-1036,kid
476,within,0.4976973842412864,within,sub-1036,kid
477,boundary,0.8957954113172906,unique,sub-1036,kid
478,within,0.8307505382667761,within,sub-1036,kid
479,boundary,0.5436811904667616,shared,sub-1036,kid
480,within,0.5239298794961473,within,sub-1038,kid
481,boundary,0.9955703454784771,unique,sub-1038,kid
482,within,1.1282584725699354,within,sub-1038,kid
483,boundary,1.3921306750159839,unique,sub-1038,kid
484,within,0.3230197807821895,within,sub-1038,kid
485,boundary,0.4761065331503085,shared,sub-1038,kid
486,within,1.0785962060880305,within,sub-1038,kid
487,boundary,0.8409422489821903,unique,sub-1038,kid
488,within,0.6316028699569463,within,sub-1038,kid
489,boundary,0.5541008743924913,unique,sub-1038,kid
490,within,0.6063448734812511,within,sub-1038,kid
491,boundary,0.915377610075125,shared,sub-1038,kid
492,within,0.9483372919831045,within,sub-1038,kid
493,boundary,0.7589176705431386,unique,sub-1038,kid
494,within,0.7073809177820198,within,sub-1038,kid
495,boundary,0.5998861570816264,shared,sub-1038,kid
496,within,0.5269580653544678,within,sub-1038,kid
497,boundary,0.9655243289848051,unique,sub-1038,kid
498,within,0.6840366297255069,within,sub-1038,kid
499,boundary,0.6936460937013991,shared,sub-1038,kid
500,within,0.6183900609239756,within,sub-1039,kid
501,boundary,0.6861062562572413,unique,sub-1039,kid
502,within,0.8853491142957055,within,sub-1039,kid
503,boundary,0.3634415658276875,unique,sub-1039,kid
504,within,0.9030285989742663,within,sub-1039,kid
505,boundary,0.8071482729909976,shared,sub-1039,kid
506,within,0.2814265010155105,within,sub-1039,kid
507,boundary,0.941699984891242,unique,sub-1039,kid
508,within,1.1618936209980022,within,sub-1039,kid
509,boundary,1.2116713055545325,unique,sub-1039,kid
510,within,0.26884007450852054,within,sub-1039,kid
511,boundary,0.5174985650874457,shared,sub-1039,kid
512,within,0.48436337466126433,within,sub-1039,kid
513,boundary,0.4827250437173577,unique,sub-1039,kid
514,within,0.8425613436853521,within,sub-1039,kid
515,boundary,0.9922197107362966,shared,sub-1039,kid
516,within,0.9452045609575933,within,sub-1039,kid
517,boundary,0.6953627602860758,unique,sub-1039,kid
518,within,0.6721898836144755,within,sub-1039,kid
519,boundary,0.6756159096148993,shared,sub-1039,kid
520,within,1.0492595555404785,within,sub-1040,kid
521,boundary,0.8894593839227587,unique,sub-1040,kid
522,within,0.5667381870153789,within,sub-1040,kid
523,boundary,0.718892424313413,unique,sub-1040,kid
524,within,1.2667847722337282,within,sub-1040,kid
525,boundary,0.8195233751707467,shared,sub-1040,kid
526,within,0.1943645913846621,within,sub-1040,kid
527,boundary,0.598520147474324,unique,sub-1040,kid
528,within,0.8223975395809094,within,sub-1040,kid
529,boundary,0.7107276841375505,unique,sub-1040,kid
530,within,0.46697635602146736,within,sub-1040,kid
531,boundary,0.36918716385104533,shared,sub-1040,kid
532,within,0.5404774570904096,within,sub-1040,kid
533,boundary,0.5574826138636417,unique,sub-1040,kid
534,within,1.2641980936900283,within,sub-1040,kid
535,boundary,0.6890926989219879,shared,sub-1040,kid
536,within,0.9482762374925613,within,sub-1040,kid
537,boundary,0.9145617821222141,unique,sub-1040,kid
538,within,0.8835703097734744,within,sub-1040,kid
539,boundary,0.6410316216852556,shared,sub-1040,kid
540,within,0.6728923679253738,within,sub-1045,kid
541,boundary,0.9233651406237505,unique,sub-1045,kid
542,within,0.7614324303448061,within,sub-1045,kid
543,boundary,0.5930706781168431,unique,sub-1045,kid
544,within,0.891254293877857,within,sub-1045,kid
545,boundary,0.8689111377274998,shared,sub-1045,kid
546,within,0.4180838283803904,within,sub-1045,kid
547,boundary,0.5078616981003709,unique,sub-1045,kid
548,within,0.7027224748708181,within,sub-1045,kid
549,boundary,1.075096611990171,unique,sub-1045,kid
550,within,1.3873525773378304,within,sub-1045,kid
551,boundary,0.36048780141449566,shared,sub-1045,kid
552,within,1.3380557403618754,within,sub-1045,kid
553,boundary,0.7937346580996791,unique,sub-1045,kid
554,within,0.7687805407716517,within,sub-1045,kid
555,boundary,0.84513967376195,shared,sub-1045,kid
556,within,0.7650527157129627,within,sub-1045,kid
557,boundary,0.5675593528947254,unique,sub-1045,kid
558,within,0.5004761764441198,within,sub-1045,kid
559,boundary,0.4766934592671255,shared,sub-1045,kid
560,within,0.656812463923212,within,sub-1048,kid
561,boundary,0.7245907443530472,unique,sub-1048,kid
562,within,0.6325383556034994,within,sub-1048,kid
563,boundary,0.6193587248256699,unique,sub-1048,kid
564,within,0.23880221237664045,within,sub-1048,kid
565,boundary,1.1126135026486597,shared,sub-1048,kid
566,within,0.4003686567173932,within,sub-1048,kid
567,boundary,0.7567400747590107,unique,sub-1048,kid
568,within,0.7691598999244265,within,sub-1048,kid
569,boundary,1.0435260029705915,unique,sub-1048,kid
570,within,0.7150856919453408,within,sub-1048,kid
571,boundary,0.6743374626167764,shared,sub-1048,kid
572,within,0.6074497284547213,within,sub-1048,kid
573,boundary,0.8506340295794901,unique,sub-1048,kid
574,within,0.6782191917652616,within,sub-1048,kid
575,boundary,1.2276647335084818,shared,sub-1048,kid
576,within,0.8726444379328397,within,sub-1048,kid
577,boundary,1.4480578623577767,unique,sub-1048,kid
578,within,0.48952964739098825,within,sub-1048,kid
579,boundary,0.8223749162195995,shared,sub-1048,kid
580,within,0.9471283858261688,within,sub-1050,kid
581,boundary,0.557083744180044,unique,sub-1050,kid
582,within,0.8306669314416325,within,sub-1050,kid
583,boundary,0.2411216135401727,unique,sub-1050,kid
584,within,0.497158358534066,within,sub-1050,kid
585,boundary,0.916104400549585,shared,sub-1050,kid
586,within,0.7131528919509359,within,sub-1050,kid
587,boundary,0.5710164251492701,unique,sub-1050,kid
588,within,0.9765175486110887,within,sub-1050,kid
589,boundary,1.2306884880613016,unique,sub-1050,kid
590,within,0.5398365627169013,within,sub-1050,kid
591,boundary,0.5001622538719155,shared,sub-1050,kid
592,within,0.2974979635225541,within,sub-1050,kid
593,boundary,0.9133276404411634,unique,sub-1050,kid
594,within,0.44093349091383405,within,sub-1050,kid
595,boundary,0.9737872329862605,shared,sub-1050,kid
596,within,0.729430743478356,within,sub-1050,kid
597,boundary,0.8409897804235725,unique,sub-1050,kid
598,within,0.5371035078272354,within,sub-1050,kid
599,boundary,0.98577712806332,shared,sub-1050,kid
600,within,1.3796212635826894,within,sub-1052,kid
601,boundary,1.1983969374528853,unique,sub-1052,kid
602,within,0.9161677495425162,within,sub-1052,kid
603,boundary,0.5677655396893726,unique,sub-1052,kid
604,within,0.9682541706866683,within,sub-1052,kid
605,boundary,0.44365726486559376,shared,sub-1052,kid
606,within,1.0231485892584735,within,sub-1052,kid
607,boundary,0.5961235269951586,unique,sub-1052,kid
608,within,1.05691290037895,within,sub-1052,kid
609,boundary,0.621271909848427,unique,sub-1052,kid
610,within,0.5831247838648458,within,sub-1052,kid
611,boundary,0.6396250432822073,shared,sub-1052,kid
612,within,0.29631034757492836,within,sub-1052,kid
613,boundary,0.9337940305395078,unique,sub-1052,kid
614,within,0.8484184466610931,within,sub-1052,kid
615,boundary,1.2416575780996737,shared,sub-1052,kid
616,within,0.9838970327185865,within,sub-1052,kid
617,boundary,0.6692484430691085,unique,sub-1052,kid
618,within,0.7633204085193002,within,sub-1052,kid
619,boundary,0.9996367931066353,shared,sub-1052,kid
620,within,0.7467685010400893,within,sub-1053,kid
621,boundary,1.0549450598585932,unique,sub-1053,kid
622,within,0.6254298671178182,within,sub-1053,kid
623,boundary,1.1164516332969336,unique,sub-1053,kid
624,within,0.9854638549597612,within,sub-1053,kid
625,boundary,0.5633103130532593,shared,sub-1053,kid
626,within,0.6118821209360263,within,sub-1053,kid
627,boundary,0.5374252417118279,unique,sub-1053,kid
628,within,0.3961916267978767,within,sub-1053,kid
629,boundary,1.064867936902285,unique,sub-1053,kid
630,within,0.7220658406770313,within,sub-1053,kid
631,boundary,0.7464597229547505,shared,sub-1053,kid
632,within,0.989650957388452,within,sub-1053,kid
633,boundary,0.7015070936443928,unique,sub-1053,kid
634,within,0.6408489725091182,within,sub-1053,kid
635,boundary,0.6482459080258962,shared,sub-1053,kid
636,within,0.5994923251419837,within,sub-1053,kid
637,boundary,0.6068658280016599,unique,sub-1053,kid
638,within,0.7639322415448485,within,sub-1053,kid
639,boundary,0.8415066676984191,shared,sub-1053,kid
640,within,0.6327870539968504,within,sub-1054,kid
641,boundary,0.47368293527263816,unique,sub-1054,kid
642,within,0.7666551910938842,within,sub-1054,kid
643,boundary,0.938073355879351,unique,sub-1054,kid
644,within,0.9251541878080769,within,sub-1054,kid
645,boundary,1.0213027984906027,shared,sub-1054,kid
646,within,0.598236357770159,within,sub-1054,kid
647,boundary,0.6821812778446049,unique,sub-1054,kid
648,within,0.8595439689254064,within,sub-1054,kid
649,boundary,0.8735935905945068,unique,sub-1054,kid
650,within,0.5218960816390987,within,sub-1054,kid
651,boundary,0.5807045562450626,shared,sub-1054,kid
652,within,1.1239319273971795,within,sub-1054,kid
653,boundary,1.1373891023715963,unique,sub-1054,kid
654,within,0.7340761323072458,within,sub-1054,kid
655,boundary,1.1323781977318734,shared,sub-1054,kid
656,within,0.544576967865813,within,sub-1054,kid
657,boundary,0.9249398719203598,unique,sub-1054,kid
658,within,0.4881688916801089,within,sub-1054,kid
659,boundary,0.5458187926767466,shared,sub-1054,kid
660,within,0.881591029332126,within,sub-1056,kid
661,boundary,0.3320137814367584,unique,sub-1056,kid
662,within,0.6646572035274947,within,sub-1056,kid
663,boundary,0.6420501508584073,unique,sub-1056,kid
664,within,0.6907848337112737,within,sub-1056,kid
665,boundary,0.5674687727507998,shared,sub-1056,kid
666,within,0.7551051067773882,within,sub-1056,kid
667,boundary,1.052079687023463,unique,sub-1056,kid
668,within,0.39959548995196037,within,sub-1056,kid
669,boundary,1.1321599807154512,unique,sub-1056,kid
670,within,0.643131114752429,within,sub-1056,kid
671,boundary,0.43762503385981444,shared,sub-1056,kid
672,within,0.6181224995071217,within,sub-1056,kid
673,boundary,0.69555236280828,unique,sub-1056,kid
674,within,0.7484367284256802,within,sub-1056,kid
675,boundary,1.0642657861668479,shared,sub-1056,kid
676,within,0.13762034164057957,within,sub-1056,kid
677,boundary,0.5778718999722181,unique,sub-1056,kid
678,within,0.8974404867993153,within,sub-1056,kid
679,boundary,0.8858464742020558,shared,sub-1056,kid
680,within,0.46362872540041355,within,sub-1058,kid
681,boundary,0.7452383252572105,unique,sub-1058,kid
682,within,1.1169770370546324,within,sub-1058,kid
683,boundary,0.7275521811568373,unique,sub-1058,kid
684,within,0.4901906903091966,within,sub-1058,kid
685,boundary,0.7231532950928534,shared,sub-1058,kid
686,within,0.7059056272239757,within,sub-1058,kid
687,boundary,0.8226925671410301,unique,sub-1058,kid
688,within,1.316331709476953,within,sub-1058,kid
689,boundary,0.7697860381083799,unique,sub-1058,kid
690,within,0.5670448967164023,within,sub-1058,kid
691,boundary,0.8403700026663526,shared,sub-1058,kid
692,within,0.6409878617783507,within,sub-1058,kid
693,boundary,0.44312651683773796,unique,sub-1058,kid
694,within,0.7093800354045561,within,sub-1058,kid
695,boundary,1.165045769103787,shared,sub-1058,kid
696,within,0.7217262155617323,within,sub-1058,kid
697,boundary,0.9119806982433546,unique,sub-1058,kid
698,within,0.6701443076663613,within,sub-1058,kid
699,boundary,0.8698874393435797,shared,sub-1058,kid
700,within,0.8508625418203154,within,sub-3000,kid
701,boundary,0.6613013575475584,unique,sub-3000,kid
702,within,0.8495930951913059,within,sub-3000,kid
703,boundary,1.087282535131405,unique,sub-3000,kid
704,within,1.115446309700352,within,sub-3000,kid
705,boundary,0.8269819661276696,shared,sub-3000,kid
706,within,1.3576870704069264,within,sub-3000,kid
707,boundary,0.9653524893425208,unique,sub-3000,kid
708,within,1.139316538716975,within,sub-3000,kid
709,boundary,0.6557967625214698,unique,sub-3000,kid
710,within,0.8337191100858871,within,sub-3000,kid
711,boundary,0.627565247804931,shared,sub-3000,kid
712,within,0.9343905712162357,within,sub-3000,kid
713,boundary,0.42357870463101577,unique,sub-3000,kid
714,within,1.1866615237248077,within,sub-3000,kid
715,boundary,1.1904936299394333,shared,sub-3000,kid
716,within,1.144628366834253,within,sub-3000,kid
717,boundary,0.9668471521405818,unique,sub-3000,kid
718,within,0.8340746106149813,within,sub-3000,kid
719,boundary,0.5825652803681423,shared,sub-3000,kid
